Workbook

Sheet DB
A1: 1 | B1: 목적 | D1: 이은선
A2: 2 | B2: 의견 | D2: 문항별 오답 개수 | F2: 시험별 점수
A3: 3 | B3: 관계 | D3: 문항 | E3: 개수 | F3: 시험번호 | G3: 점수
A4: 4 | B4: 그림 내용 | D4: 1 | E4: =IF(mock_02!E3=0,1,0) + IF(mock_01!E3=0,1,0) -> 0 | F4: mock_00 | G4: =IFERROR([1]mock_00!C48,0) -> 0
A5: 5 | B5: 할 일 | D5: 2 | E5: =IF(mock_02!E4=0,1,0) + IF(mock_01!E4=0,1,0) -> 0 | F5: mock_01 | G5: =IFERROR(mock_02!C48,0) -> 86
A6: 6 | B6: 숫자 정보 | D6: 3 | E6: =IF(mock_02!E5=0,1,0) + IF(mock_01!E5=0,1,0) -> 0 | F6: mock_02 | G6: =IFERROR(mock_01!C48,0) -> 84
A7: 7 | B7: 이유 | D7: 4 | E7: =IF(mock_02!E6=0,1,0) + IF(mock_01!E6=0,1,0) -> 0 | F7: mock_03 | G7: =IFERROR(#REF!,0) -> 0
A8: 8 | B8: 언급 유무 | D8: 5 | E8: =IF(mock_02!E7=0,1,0) + IF(mock_01!E7=0,1,0) -> 0 | F8: mock_04 | G8: =IFERROR([2]mock_04!C48,0) -> 0
A9: 9 | B9: 담화 내용 | D9: 6 | E9: =IF(mock_02!E8=0,1,0) + IF(mock_01!E8=0,1,0) -> 1 | F9: mock_05 | G9: =IFERROR([3]mock_05!C48,0) -> 0
A10: 10 | B10: 도표 내용 | D10: 7 | E10: =IF(mock_02!E9=0,1,0) + IF(mock_01!E9=0,1,0) -> 0 | F10: mock_06 | G10: =IFERROR([4]mock_06!C48,0) -> 0
A11: 11 | B11: 짧은 대화 응답 | D11: 8 | E11: =IF(mock_02!E10=0,1,0) + IF(mock_01!E10=0,1,0) -> 0 | F11: mock_07 | G11: =IFERROR([5]mock_07!C48,0) -> 0
A12: 12 | B12: 짧은 대화 응답 | D12: 9 | E12: =IF(mock_02!E11=0,1,0) + IF(mock_01!E11=0,1,0) -> 0 | F12: mock_08 | G12: =IFERROR([6]mock_08!C48,0) -> 0
A13: 13 | B13: 긴 대화 응답 | D13: 10 | E13: =IF(mock_02!E12=0,1,0) + IF(mock_01!E12=0,1,0) -> 0 | F13: mock_09 | G13: =IFERROR([7]mock_09!C48,0) -> 0
A14: 14 | B14: 긴 대화 응답 | D14: 11 | E14: =IF(mock_02!E13=0,1,0) + IF(mock_01!E13=0,1,0) -> 0 | F14: mock_10 | G14: =IFERROR([8]mock_10!C48,0) -> 0
A15: 15 | B15: 상황 적절 응답 | D15: 12 | E15: =IF(mock_02!E14=0,1,0) + IF(mock_01!E14=0,1,0) -> 0 | F15: mock_11 | G15: =IFERROR([9]mock_11!C48,0) -> 0
A16: 16 | B16: 복합문항 | D16: 13 | E16: =IF(mock_02!E15=0,1,0) + IF(mock_01!E15=0,1,0) -> 0 | F16: mock_12 | G16: =IFERROR([10]mock_12!C48,0) -> 0
A17: 17 | B17: 복합문항 | D17: 14 | E17: =IF(mock_02!E16=0,1,0) + IF(mock_01!E16=0,1,0) -> 0 | F17: mock_13 | G17: =IFERROR([11]mock_13!C48,0) -> 0
A18: 18 | B18: 글의 목적 | D18: 15 | E18: =IF(mock_02!E17=0,1,0) + IF(mock_01!E17=0,1,0) -> 0 | F18: mock_14 | G18: =IFERROR([12]mock_14!C48,0) -> 0
A19: 19 | B19: 심경 변화 | D19: 16 | E19: =IF(mock_02!E18=0,1,0) + IF(mock_01!E18=0,1,0) -> 0 | F19: mock_15 | G19: =IFERROR([13]mock_15!C48,0) -> 0
A20: 20 | B20: 필자의 주장 | D20: 17 | E20: =IF(mock_02!E19=0,1,0) + IF(mock_01!E19=0,1,0) -> 0
A21: 21 | B21: 함축 의미 | D21: 18 | E21: =IF(mock_02!E20=0,1,0) + IF(mock_01!E20=0,1,0) -> 0
A22: 22 | B22: 요지 | D22: 19 | E22: =IF(mock_02!E21=0,1,0) + IF(mock_01!E21=0,1,0) -> 0
A23: 23 | B23: 주제 | D23: 20 | E23: =IF(mock_02!E22=0,1,0) + IF(mock_01!E22=0,1,0) -> 0
A24: 24 | B24: 제목 | D24: 21 | E24: =IF(mock_02!E23=0,1,0) + IF(mock_01!E23=0,1,0) -> 0
A25: 25 | B25: 도표 | D25: 22 | E25: =IF(mock_02!E24=0,1,0) + IF(mock_01!E24=0,1,0) -> 0
A26: 26 | B26: 내용 불일치 | D26: 23 | E26: =IF(mock_02!E25=0,1,0) + IF(mock_01!E25=0,1,0) -> 0
A27: 27 | B27: 실용문 | D27: 24 | E27: =IF(mock_02!E26=0,1,0) + IF(mock_01!E26=0,1,0) -> 1
A28: 28 | B28: 실용문 | D28: 25 | E28: =IF(mock_02!E27=0,1,0) + IF(mock_01!E27=0,1,0) -> 0
A29: 29 | B29: 어법 | D29: 26 | E29: =IF(mock_02!E28=0,1,0) + IF(mock_01!E28=0,1,0) -> 0
A30: 30 | B30: 어휘 | D30: 27 | E30: =IF(mock_02!E29=0,1,0) + IF(mock_01!E29=0,1,0) -> 0
A31: 31 | B31: 빈칸 추론 | D31: 28 | E31: =IF(mock_02!E30=0,1,0) + IF(mock_01!E30=0,1,0) -> 0
... A45: 45 | B45: 장문 내용불일치 | D45: 42 | E45: =IF(mock_02!E44=0,1,0) + IF(mock_01!E44=0,1,0) -> 1
D46: 43 | E46: =IF(mock_02!E45=0,1,0) + IF(mock_01!E45=0,1,0) -> 0
D47: 44 | E47: =IF(mock_02!E46=0,1,0) + IF(mock_01!E46=0,1,0) -> 0
D48: 45 | E48: =IF(mock_02!E47=0,1,0) + IF(mock_01!E47=0,1,0) -> 1

Sheet score_card
A15: 유형별 오답 개수
A16: 듣기
A17: =DB!A1 -> 1 | B17: =DB!B1 -> 목적 | C17: =DB!E4 -> 0 | D17: =DB!A2 -> 2 | E17: =DB!B2 -> 의견 | F17: =DB!E5 -> 0 | G17: =DB!A3 -> 3 | H17: =DB!B3 -> 관계 | I17: =DB!E6 -> 0 | J17: =DB!A4 -> 4 | K17: =DB!B4 -> 그림 내용 | L17: =DB!E7 -> 0
A18: =DB!A5 -> 5 | B18: =DB!B5 -> 할 일 | C18: =DB!E8 -> 0 | D18: =DB!A6 -> 6 | E18: =DB!B6 -> 숫자 정보 | F18: =DB!E9 -> 1 | G18: =DB!A7 -> 7 | H18: =DB!B7 -> 이유 | I18: =DB!E10 -> 0 | J18: =DB!A8 -> 8 | K18: =DB!B8 -> 언급 유무 | L18: =DB!E11 -> 0
A19: =DB!A9 -> 9 | B19: =DB!B9 -> 담화 내용 | C19: =DB!E12 -> 0 | D19: =DB!A10 -> 10 | E19: =DB!B10 -> 도표 내용 | F19: =DB!E13 -> 0 | G19: =DB!A11 -> 11 | H19: =DB!B11 -> 짧은 대화 응답 | I19: =DB!E14 -> 0 | J19: =DB!A12 -> 12 | K19: =DB!B12 -> 짧은 대화 응답 | L19: =DB!E15 -> 0
A20: =DB!A13 -> 13 | B20: =DB!B13 -> 긴 대화 응답 | C20: =DB!E16 -> 0 | D20: =DB!A14 -> 14 | E20: =DB!B14 -> 긴 대화 응답 | F20: =DB!E17 -> 0 | G20: =DB!A15 -> 15 | H20: =DB!B15 -> 상황 적절 응답 | I20: =DB!E18 -> 0 | J20: =DB!A16 -> 16 | K20: =DB!B16 -> 복합문항 | L20: =DB!E19 -> 0
A21: =DB!A17 -> 17 | B21: =DB!B17 -> 복합문항 | C21: =DB!E20 -> 0
A22: 독해
A23: =DB!A18 -> 18 | B23: =DB!B18 -> 글의 목적 | C23: =DB!E21 -> 0 | D23: =DB!A19 -> 19 | E23: =DB!B19 -> 심경 변화 | F23: =DB!E22 -> 0 | G23: =DB!A20 -> 20 | H23: =DB!B20 -> 필자의 주장 | I23: =DB!E23 -> 0 | J23: =DB!A21 -> 21 | K23: =DB!B21 -> 함축 의미 | L23: =DB!E24 -> 0
A24: =DB!A22 -> 22 | B24: =DB!B22 -> 요지 | C24: =DB!E25 -> 0 | D24: =DB!A23 -> 23 | E24: =DB!B23 -> 주제 | F24: =DB!E26 -> 0 | G24: =DB!A24 -> 24 | H24: =DB!B24 -> 제목 | I24: =DB!E27 -> 1 | J24: =DB!A25 -> 25 | K24: =DB!B25 -> 도표 | L24: =DB!E28 -> 0
A25: =DB!A26 -> 26 | B25: =DB!B26 -> 내용 불일치 | C25: =DB!E29 -> 0 | D25: =DB!A27 -> 27 | E25: =DB!B27 -> 실용문 | F25: =DB!E30 -> 0 | G25: =DB!A28 -> 28 | H25: =DB!B28 -> 실용문 | I25: =DB!E31 -> 0 | J25: =DB!A29 -> 29 | K25: =DB!B29 -> 어법 | L25: =DB!E32 -> 1
A26: =DB!A30 -> 30 | B26: =DB!B30 -> 어휘 | C26: =DB!E33 -> 0 | D26: =DB!A31 -> 31 | E26: =DB!B31 -> 빈칸 추론 | F26: =DB!E34 -> 0 | G26: =DB!A32 -> 32 | H26: =DB!B32 -> 빈칸 추론 | I26: =DB!E35 -> 1 | J26: =DB!A33 -> 33 | K26: =DB!B33 -> 빈칸 추론 | L26: =DB!E36 -> 1
A27: =DB!A34 -> 34 | B27: =DB!B34 -> 빈칸 추론 | C27: =DB!E37 -> 1 | D27: =DB!A35 -> 35 | E27: =DB!B35 -> 무관한 문장 | F27: =DB!E38 -> 0 | G27: =DB!A36 -> 36 | H27: =DB!B36 -> 글의 순서 | I27: =DB!E39 -> 0 | J27: =DB!A37 -> 37 | K27: =DB!B37 -> 글의 순서 | L27: =DB!E40 -> 1
A28: =DB!A38 -> 38 | B28: =DB!B38 -> 문장 삽입 | C28: =DB!E41 -> 0 | D28: =DB!A39 -> 39 | E28: =DB!B39 -> 문장 삽입 | F28: =DB!E42 -> 2 | G28: =DB!A40 -> 40 | H28: =DB!B40 -> 요약문 | I28: =DB!E43 -> 0 | J28: =DB!A41 -> 41 | K28: =DB!B41 -> 장문 제목 | L28: =DB!E44 -> 2
A29: =DB!A42 -> 42 | B29: =DB!B42 -> 장문 어휘 | C29: =DB!E45 -> 1 | D29: =DB!A43 -> 43 | E29: =DB!B43 -> 장문 순서 배열 | F29: =DB!E46 -> 0 | G29: =DB!A44 -> 44 | H29: =DB!B44 -> 장문 지칭 | I29: =DB!E47 -> 0 | J29: =DB!A45 -> 45 | K29: =DB!B45 -> 장문 내용불일치 | L29: =DB!E48 -> 1

Sheet mock_01
A1: 이은선
A2: 번호 | B2: 정답 | C2: 입력값 | D2: 문제 점수 | E2: 획득 점수
A3: 1 | B3: 5 | C3: 5 | D3: 2 | E3: =IF(B3=C3,D3,0) -> 2
A4: 2 | B4: 1 | C4: 1 | D4: 2 | E4: =IF(B4=C4,D4,0) -> 2
A5: 3 | B5: 1 | C5: 1 | D5: 2 | E5: =IF(B5=C5,D5,0) -> 2
A6: 4 | B6: 4 | C6: 4 | D6: 2 | E6: =IF(B6=C6,D6,0) -> 2
A7: 5 | B7: 2 | C7: 2 | D7: 2 | E7: =IF(B7=C7,D7,0) -> 2
A8: 6 | B8: 4 | C8: 2 | D8: 2 | E8: =IF(B8=C8,D8,0) -> 0
A9: 7 | B9: 5 | C9: 5 | D9: 3 | E9: =IF(B9=C9,D9,0) -> 3
A10: 8 | B10: 5 | C10: 5 | D10: 2 | E10: =IF(B10=C10,D10,0) -> 2
A11: 9 | B11: 4 | C11: 4 | D11: 2 | E11: =IF(B11=C11,D11,0) -> 2
A12: 10 | B12: 4 | C12: 4 | D12: 2 | E12: =IF(B12=C12,D12,0) -> 2
A13: 11 | B13: 3 | C13: 3 | D13: 3 | E13: =IF(B13=C13,D13,0) -> 3
A14: 12 | B14: 2 | C14: 2 | D14: 3 | E14: =IF(B14=C14,D14,0) -> 3
... A47: 45 | B47: 3 | C47: 3 | D47: 2 | E47: =IF(B47=C47,D47,0) -> 2
A48: 점수 | C48: =SUM(E3:E47) -> 84
A49: 등급 | C49: =IF(C48>=90,"1등급",IF(C48>=80,"2등급",IF(C48>=70,"3등급",IF(C48>=60,"4등급","죽어라")))) -> 2등급

Sheet mock_02
A1: 이은선
A2: 번호 | B2: 정답 | C2: 입력값 | D2: 문제 점수 | E2: 획득 점수
A3: 1 | B3: 2 | C3: 2 | D3: 2 | E3: =IF(B3=C3,D3,0) -> 2
A4: 2 | B4: 1 | C4: 1 | D4: 2 | E4: =IF(B4=C4,D4,0) -> 2
A5: 3 | B5: 5 | C5: 5 | D5: 2 | E5: =IF(B5=C5,D5,0) -> 2
A6: 4 | B6: 3 | C6: 3 | D6: 2 | E6: =IF(B6=C6,D6,0) -> 2
A7: 5 | B7: 5 | C7: 5 | D7: 2 | E7: =IF(B7=C7,D7,0) -> 2
A8: 6 | B8: 3 | C8: 3 | D8: 2 | E8: =IF(B8=C8,D8,0) -> 2
A9: 7 | B9: 1 | C9: 1 | D9: 3 | E9: =IF(B9=C9,D9,0) -> 3
A10: 8 | B10: 5 | C10: 5 | D10: 2 | E10: =IF(B10=C10,D10,0) -> 2
A11: 9 | B11: 4 | C11: 4 | D11: 2 | E11: =IF(B11=C11,D11,0) -> 2
A12: 10 | B12: 2 | C12: 2 | D12: 2 | E12: =IF(B12=C12,D12,0) -> 2
A13: 11 | B13: 1 | C13: 1 | D13: 3 | E13: =IF(B13=C13,D13,0) -> 3
A14: 12 | B14: 5 | C14: 5 | D14: 3 | E14: =IF(B14=C14,D14,0) -> 3
... A47: 45 | B47: 3 | C47: 4 | D47: 2 | E47: =IF(B47=C47,D47,0) -> 0
A48: 점수 | C48: =SUM(E3:E47) -> 86
A49: 등급 | C49: =IF(C48>=90,"1등급",IF(C48>=80,"2등급",IF(C48>=70,"3등급",IF(C48>=60,"4등급","죽어라")))) -> 2등급

Sheet mock_03
A1: 이은선
A2: 번호 | B2: 정답 | C2: 입력값 | D2: 문제 점수 | E2: 획득 점수
A3: 1 | B3: 1 | C3: 1 | D3: 2 | E3: =IF(B3=C3,D3,0) -> 2
A4: 2 | B4: 1 | C4: 1 | D4: 2 | E4: =IF(B4=C4,D4,0) -> 2
A5: 3 | B5: 5 | C5: 5 | D5: 2 | E5: =IF(B5=C5,D5,0) -> 2
A6: 4 | B6: 4 | C6: 4 | D6: 2 | E6: =IF(B6=C6,D6,0) -> 2
A7: 5 | B7: 1 | C7: 1 | D7: 2 | E7: =IF(B7=C7,D7,0) -> 2
A8: 6 | B8: 4 | C8: 4 | D8: 3 | E8: =IF(B8=C8,D8,0) -> 3
A9: 7 | B9: 5 | C9: 5 | D9: 2 | E9: =IF(B9=C9,D9,0) -> 2
A10: 8 | B10: 4 | C10: 4 | D10: 2 | E10: =IF(B10=C10,D10,0) -> 2
A11: 9 | B11: 3 | C11: 3 | D11: 2 | E11: =IF(B11=C11,D11,0) -> 2
A12: 10 | B12: 2 | C12: 2 | D12: 2 | E12: =IF(B12=C12,D12,0) -> 2
A13: 11 | B13: 2 | C13: 2 | D13: 2 | E13: =IF(B13=C13,D13,0) -> 2
A14: 12 | B14: 2 | C14: 2 | D14: 2 | E14: =IF(B14=C14,D14,0) -> 2
... A47: 45 | B47: 5 | C47: 5 | D47: 2 | E47: =IF(B47=C47,D47,0) -> 2
A48: 점수 | C48: =SUM(E3:E47) -> 97
A49: 등급 | C49: =IF(C48>=90,"1등급",IF(C48>=80,"2등급",IF(C48>=70,"3등급",IF(C48>=60,"4등급","죽어라")))) -> 1등급
